id,type,boss,suggest/0,suggest/1,suggest/2,skill/0,skill/1,property/0,property/1,reward/0,reward/1,reward/2,reward/3,rewardtype,pass,route
6,戰鬥,姑獲鳥,,,,固執,,,,500積分,20紫鱗,1白蛋,5000金幣,戰利品,X,X
7,委派,,狸貓,武士之靈,孟婆,,,火,風,200積分,3000金幣,,,戰利品,X,X
8,戰鬥,姑獲鳥,,,,固執,,,,生命90,,,,加成,X,X
9,戰鬥,犬神,,,,冷漠,,,,生命90,,,,加成,X,X
10,戰鬥,覺,,,,技能,,,,防禦8,,,,加成,X,X
11,捐獻,,,,,,,,,攻擊5%,,,,加成,X,X
12,戰鬥,吸血姬,,,,冷漠,,,,速度1,,,,加成,X,X
13,淨化,,,,,,,,,生命90,,,,加成,X,X
14,委派,,人面樹,絡新婦,於菊蟲,,,風,水,100積分,,,,戰利品,X,X
15,戰鬥,萬年竹,,,,冷漠,,,,生命90,,,,加成,X,X
16,戰鬥,櫻花妖,,,,期待,,,,抵抗2%,,,,加成,X,X
17,捐獻,,,,,,,,,防禦8,,,,加成,O,X
18,戰鬥,姑獲鳥,,,,固執,,,,生命4%,,,,加成,X,X
19,淨化,,,,,,,,,攻擊5%,,,,加成,X,X
20,委派,,海坊主,賣藥郎,餓鬼,,,,,攻擊25,,,,加成,X,X
21,戰鬥,弈,,,,固執,,,,生命90,,,,加成,X,X
22,戰鬥,吸血姬,,,,冷漠,,,,500積分,20紫鱗,1白蛋,5000金幣,戰利品,X,X
35,委派,,阿香,螢草,覺,,,風,水,100積分,,,,戰利品,X,X
36,捐獻,,,,,,,,,100積分,,,,戰利品,O,X
37,戰鬥,二口女,,,,無情,,,,生命90,,,,加成,X,X
38,戰鬥,巫蠱師,,,,技能,,,,攻擊25,,,,加成,X,X
39,淨化,,,,,,,,,100積分,,,,戰利品,X,X
40,戰鬥,河童,,,,,,,,1000積分,100勾玉,25金鱗,1藍蛋,戰利品,X,X
42,委派,,判官,百目鬼,人面樹,,,水,雷,速度1,,,,加成,X,X
43,戰鬥,跳跳弟弟,,,,怯懦,,,,生命90,,,,加成,X,X
44,戰鬥,天邪鬼黃,,,,技能,,,,100積分,,,,戰利品,X,X
45,戰鬥,姑獲鳥,,,,無情,,,,100積分,,,,戰利品,X,X
46,戰鬥,萬年竹,,,,怯懦,,,,山風的祝福,,,,祝福,X,X
47,委派,,薰,跳跳弟弟,孟婆,,,火,雷,100積分,,,,戰利品,X,X
48,戰鬥,巫蠱師,,,,技能,,,,100積分,,,,戰利品,O,X
49,戰鬥,二口女,,,,無情,,,,200積分,3000金幣,,,戰利品,X,X
50,戰鬥,河童,,,,怯懦,,,,100積分,,,,戰利品,O,X
51,捐獻,,,,,,,,,200積分,3000金幣,,,戰利品,O,X
52,戰鬥,夜叉,,,,無情,,,,抵抗2%,,,,加成,X,X
53,淨化,,,,,,,,,100積分,,,,戰利品,X,X
54,委派,,百目鬼,以津真天,兔丸,,,風,雷,1000積分,100勾玉,25金鱗,1藍蛋,戰利品,X,X
64,淨化,,,,,,,,,500積分,20紫鱗,1白蛋,5000金幣,戰利品,X,X
65,戰鬥,黑童子,,,,孤單,,,,100積分,,,,戰利品,X,X
66,戰鬥,祭憶之城,,,,,,,,削弱偽神,,,,削弱偽神,O,O
67,戰鬥,祭憶之城,,,,,,,,削弱偽神,,,,削弱偽神,O,O
68,委派,,惠比壽,夜叉,姑獲鳥,,,風,雷,100積分,,,,戰利品,O,X
69,戰鬥,人面樹,,,,偽裝,,,,100積分,,,,戰利品,X,X
72,戰鬥,入殮師,,,,偽裝,,,,100積分,,,,戰利品,X,X
73,戰鬥,入殮師,,,,遲暮,,,,防禦8,,,,加成,X,X
74,委派,,鬼使白,雪女,童男,,,火,風,100積分,,,,戰利品,X,X
75,捐獻,,,,,,,,,攻擊25,,,,加成,X,X
76,淨化,,,,,,,,,抵抗2%,,,,加成,X,X
77,戰鬥,小鹿男,,,,技能,,,,防禦8,,,,加成,X,X
78,戰鬥,跳跳哥哥,,,,孤單,,,,200積分,3000金幣,,,戰利品,O,X
79,戰鬥,巫女•雪,,,,怯懦,哀慟,,,巫女之魂,,,,巫女之魂,O,O
80,委派,,煙煙羅,覺,一反木綿,,,風,水,抵抗2,,,,加成,X,X
81,戰鬥,黑童子,,,,孤單,,,,100積分,,,,戰利品,X,X
82,戰鬥,入殮師,,,,偽裝,,,,暴擊2%,,,,加成,X,X
83,戰鬥,入殮師,,,,遲暮,,,,生命4%,,,,加成,X,X
84,戰鬥,數珠,,,,,,,,200積分,3000金幣,,,戰利品,X,X
93,捐獻,,,,,,,,,抵抗2%,,,,加成,X,X
94,戰鬥,吸血姬,,,,冷漠,,,,防禦8,,,,加成,X,X
95,委派,,首無,小松丸,白狼,,,火,雷,抵抗2,,,,加成,X,X
96,戰鬥,祭憶之城,,,,,,,,削弱偽神,,,,削弱偽神,O,O
97,戰鬥,偽神,,,,技能,,,,5000積分,1四星白蛋,3藍票,200勾玉,戰利品,O,O
98,戰鬥,祭憶之城,,,,,,,,削弱偽神,,,,削弱偽神,O,O
99,戰鬥,白狼,,,,技能,,,,生命90,,,,加成,O,O
100,戰鬥,姑獲鳥,,,,固執,,,,500積分,20紫鱗,1白蛋,5000金幣,戰利品,O,O
101,捐獻,,,,,,,,,100積分,,,,戰利品,O,O
102,委派,,鴉天狗,雪女,鬼使黑,,,火,風,200積分,3000金幣,,,戰利品,O,X
103,淨化,,,,,,,,,200積分,3000金幣,,,戰利品,X,X
104,戰鬥,吸血姬,,,,冷漠,,,,1000積分,100勾玉,25金鱗,1藍蛋,戰利品,X,X
105,戰鬥,鬼使黑,,,,技能,,,,100積分,,,,戰利品,X,X
106,戰鬥,於菊蟲,,,,固執,,,,100積分,,,,戰利品,X,X
107,戰鬥,萬年竹,,,,冷漠,,,,200積分,3000金幣,,,戰利品,X,X
108,委派,,絡新婦,九命貓,阿香,,,水,雷,生命90,,,,加成,X,X
109,戰鬥,白狼,,,,技能,,,,100積分,,,,戰利品,O,O
110,戰鬥,姑獲鳥,,,,固執,,,,100積分,,,,戰利品,X,X
111,戰鬥,犬神,,,,冷漠,,,,抵抗2%,,,,加成,X,X
112,淨化,,,,,,,,,抵抗2%,,,,加成,X,X
113,捐獻,,,,,,,,,攻擊5%,,,,加成,X,X
114,委派,,金魚姬,骨女,孟婆,,,水,雷,100積分,,,,戰利品,X,X
122,委派,,三尾狐,跳跳妹妹,巫蠱師,,,風,水,1000積分,100勾玉,25金鱗,1藍蛋,戰利品,X,X
123,淨化,,,,,,,,,100積分,,,,戰利品,X,X
124,戰鬥,跳跳弟弟,,,,怯懦,,,,100積分,,,,戰利品,X,X
125,戰鬥,夜叉,,,,無情,,,,防禦8,,,,加成,X,X
126,戰鬥,祭憶之城,,,,,,,,削弱偽神,,,,削弱偽神,O,O
127,戰鬥,祭憶之城,,,,,,,,削弱偽神,,,,削弱偽神,O,O
128,戰鬥,二口女,,,,無情,,,,抵抗2%,,,,加成,X,X
131,戰鬥,河童,,,,怯懦,,,,速度1,,,,加成,O,O
132,戰鬥,鐵鼠,,,,技能,,,,生命4%,,,,加成,X,O
133,戰鬥,夜叉,,,,無情,,,,200積分,3000金幣,,,戰利品,X,X
134,委派,,跳跳哥哥,鬼女紅葉,阿香,,,風,雷,200積分,3000金幣,,,戰利品,X,X
137,淨化,,,,,,,,,防禦8,,,,加成,X,X
138,戰鬥,小鹿男,,,,技能,,,,200積分,3000金幣,,,戰利品,O,O
139,戰鬥,巫蠱師,,,,技能,,,,100積分,,,,戰利品,X,X
140,委派,,蟲師,煙煙羅,薰,,,水,雷,防禦8,,,,加成,X,X
141,戰鬥,河童,,,,怯懦,,,,生命90,,,,加成,X,X
142,戰鬥,鐵鼠,,,,技能,,,,攻擊25,,,,加成,X,X
143,委派,,傀儡師,桃花妖,鯉魚精,,,火,水,100積分,,,,戰利品,X,X
151,委派,,賣藥郎,絡新婦,三尾狐,,,火,雷,100積分,,,,戰利品,X,X
152,淨化,,,,,,,,,防禦8,,,,加成,X,X
153,戰鬥,兵俑,,,,偽裝,,,,100積分,,,,戰利品,X,X
154,戰鬥,數珠,,,,孤單,,,,抵抗2%,,,,加成,X,X
155,戰鬥,入殮師,,,,遲暮,,,,攻擊5%,,,,加成,X,X
157,戰鬥,黑童子,,,,孤單,,,,生命90,,,,加成,X,X
158,委派,,山童,萬年竹,首無,,,風,水,500積分,20紫鱗,1白蛋,5000金幣,戰利品,X,X
160,戰鬥,跳跳哥哥,,,,孤單,,,,防禦8,,,,加成,O,X
161,戰鬥,人面樹,,,,偽裝,,,,幻境據點,,,,幻境據點,O,O
162,委派,,貓掌櫃,傀儡師,餓鬼,,,火,雷,速度1,,,,加成,X,X
163,捐獻,,,,,,,,,100積分,,,,戰利品,O,O
164,戰鬥,入殮師,,,,偽裝,,,,100積分,,,,戰利品,X,X
168,委派,,獨眼小僧,鬼使白,賣藥郎,,,風,雷,500積分,20紫鱗,1白蛋,5000金幣,戰利品,O,O
170,捐獻,,,,,,,,,生命4%,,,,加成,O,X
171,戰鬥,人面樹,,,,偽裝,,,,100積分,,,,戰利品,X,X
172,戰鬥,雨女,,,,期待,,,,100積分,,,,戰利品,O,X
173,戰鬥,黑童子,,,,孤單,,,,攻擊25,,,,加成,X,X
174,淨化,,,,,,,,,500積分,20紫鱗,1白蛋,5000金幣,戰利品,X,X
180,戰鬥,白狼,,,,技能,,,,攻擊5%,,,,加成,X,X
181,戰鬥,櫻花妖,,,,期待,,,,速度1,,,,加成,X,X
182,委派,,跳跳妹妹,童男,蟲師,,,水,雷,攻擊25,,,,加成,X,X
183,戰鬥,於菊蟲,,,,固執,,,,100積分,,,,戰利品,X,X
184,捐獻,,,,,,,,,攻擊25,,,,加成,X,X
187,戰鬥,覺,,,,技能,,,,生命4%,,,,加成,X,X
190,委派,,孟婆,跳跳弟弟,跳跳妹妹,,,水,雷,200積分,3000金幣,,,戰利品,X,X
191,戰鬥,姑獲鳥,,,,固執,,,,200積分,3000金幣,,,戰利品,O,O
192,戰鬥,犬神,,,,冷漠,,,,200積分,3000金幣,,,戰利品,O,O
193,戰鬥,覺,,,,技能,,,,500積分,20紫鱗,1白蛋,5000金幣,戰利品,O,O
194,淨化,,,,,,,,,抵抗2%,,,,加成,X,X
195,戰鬥,吸血姬,,,,冷漠,,,,100積分,,,,戰利品,X,X
196,委派,,以津真天,兔丸,二口女,,,火,雷,100積分,,,,戰利品,X,X
197,戰鬥,於菊蟲,,,,固執,,,,解鎖茨木童子,,,,解鎖,O,O
198,戰鬥,萬年竹,,,,冷漠,,,,生命90,,,,加成,O,X
199,戰鬥,櫻花妖,,,,期待,,,,100積分,,,,戰利品,O,X
200,委派,,判官,蝴蝶精,餓鬼,,,風,雷,100積分,,,,戰利品,X,X
201,戰鬥,姑獲鳥,,,,固執,,,,200積分,3000金幣,,,戰利品,O,X
202,戰鬥,犬神,,,,冷漠,,,,100積分,,,,戰利品,O,X
203,委派,,天井下,鬼使白,巫蠱師,,,水,雷,生命90,,,,加成,X,X
207,戰鬥,阿氛 (彩蛋),,,,阿氛的祝福,,,,1000積分,100勾玉,25金鱗,1藍蛋,戰利品,O,O
208,委派,,孟婆,古籠火,鴉天狗,,,火,雷,200積分,3000金幣,,,戰利品,X,X
210,捐獻,,,,,,,,,抵抗2%,,,,加成,X,X
211,委派,,鬼女紅葉,夜叉,海坊主,,,水,雷,200積分,3000金幣,,,戰利品,X,X
212,戰鬥,小鹿男,,,,技能,,,,100積分,,,,戰利品,X,X
213,戰鬥,萬年竹,,,,怯懦,,,,200積分,3000金幣,,,戰利品,X,X
214,淨化,,,,,,,,,100積分,,,,戰利品,X,X
218,捐獻,,,,,,,,,攻擊5%,,,,加成,X,X
221,戰鬥,巫蠱師,,,,技能,,,,一目連的祝福,,,,祝福,O,O
222,戰鬥,二口女,,,,無情,,,,100積分,,,,戰利品,X,X
223,委派,,跳跳弟弟,惠比壽,武士之靈,,,風,雷,100積分,,,,戰利品,O,X
224,戰鬥,鐵鼠,,,,技能,,,,100積分,,,,戰利品,O,O
225,戰鬥,夜叉,,,,無情,,,,100積分,,,,戰利品,X,X
226,捐獻,,,,,,,,,100積分,,,,戰利品,O,X
227,戰鬥,天邪鬼黃,,,,技能,,,,100積分,,,,戰利品,O,O
228,淨化,,,,,,,,,攻擊25,,,,加成,X,X
229,委派,,雪女,餓鬼,跳跳哥哥,,,火,風,速度1,,,,加成,X,X
230,戰鬥,小鹿男,,,,技能,,,,防禦8,,,,加成,O,X
231,戰鬥,巫蠱師,,,,技能,,,,100積分,,,,戰利品,O,X
232,戰鬥,二口女,,,,無情,,,,攻擊25,,,,加成,O,X
233,戰鬥,河童,,,,怯懦,,,,幻境據點,,,,幻境據點,O,X
234,捐獻,,,,,,,,,生命4%,,,,加成,O,O
236,委派,,傀儡師,鯉魚精,孟婆,,,火,水,攻擊25%,,,,加成,X,X
237,淨化,,,,,,,,,100積分,,,,戰利品,O,O
238,捐獻,,,,,,,,,100積分,,,,戰利品,O,X
239,委派,,鬼女紅葉,天井下,入殮師,,,火,風,200積分,3000金幣,,,戰利品,X,X
240,戰鬥,人面樹,,,,偽裝,,,,500積分,20紫鱗,1白蛋,5000金幣,戰利品,X,X
241,戰鬥,跳跳哥哥,,,,孤單,,,,100積分,,,,戰利品,X,X
242,委派,,狸貓,跳跳妹妹,絡新婦,,,火,風,生命90,,,,加成,X,X
243,戰鬥,黑童子,,,,遲暮,,,,攻擊5%,,,,加成,X,X
244,淨化,,,,,,,,,防禦8,,,,加成,X,X
245,戰鬥,數珠,,,,孤單,,,,生命90,,,,加成,X,X
247,委派,,惠比壽,一反木綿,賣藥郎,,,火,風,100積分,,,,戰利品,X,X
248,戰鬥,黑童子,,,,孤單,,,,抵抗2%,,,,加成,X,X
250,戰鬥,人面樹,,,,偽裝,,,,200積分,3000金幣,,,戰利品,O,O
251,淨化,,,,,,,,,100積分,,,,戰利品,X,O
252,戰鬥,人面樹,,,,偽裝,,,,100積分,,,,戰利品,X,X
253,戰鬥,雨女,,,,期待,,,,200積分,3000金幣,,,戰利品,O,X
254,戰鬥,黑童子,,,,孤單,,,,暴擊2%,,,,加成,O,O
255,戰鬥,入殮師,,,,偽裝,,,,幻境據點,,,,幻境據點,O,O
256,戰鬥,入殮師,,,,遲暮,,,,100積分,,,,戰利品,O,O
257,委派,,化鯨,妖狐,三尾狐,,,水,雷,100積分,,,,戰利品,X,X
258,戰鬥,兵俑,,,,偽裝,,,,100積分,,,,戰利品,O,X
259,戰鬥,黑童子,,,,遲暮,,,,速度1,,,,加成,O,X
260,委派,,萬年竹,弈,管狐,,,水,雷,100積分,,,,戰利品,X,X
261,戰鬥,跳跳哥哥,,,,孤單,,,,100積分,,,,戰利品,O,X
262,委派,,弈,九命貓,巫蠱師,,,水,雷,100積分,,,,戰利品,X,X
263,淨化,,,,,,,,,100積分,,,,戰利品,X,X
264,戰鬥,黑童子,,,,孤單,,,,生命4%,,,,加成,O,X
265,戰鬥,入殮師,,,,偽裝,,,,200積分,3000金幣,,,戰利品,O,O
266,戰鬥,入殮師,,,,遲暮,,,,防禦8,,,,加成,O,O
267,委派,,蝴蝶精,海坊主,古籠火,,,水,雷,攻擊25,,,,加成,X,X
268,戰鬥,兵俑,,,,偽裝,,,,攻擊5%,,,,加成,X,X
269,戰鬥,黑童子,,,,遲暮,,,,速度1,,,,加成,X,X
270,委派,,鴉天狗,童女,阿香,,,火,雷,200積分,3000金幣,,,戰利品,X,X
271,戰鬥,姑獲鳥,,,,固執,,,,防禦8,,,,加成,X,X
272,戰鬥,白狼,,,,技能,,,,抵抗2%,,,,加成,X,X
273,戰鬥,櫻花妖,,,,期待,,,,幻境據點,,,,幻境據點,X,X
274,委派,,鬼使黑,貓掌櫃,九命貓,,,火,風,防禦8,,,,加成,X,X
275,戰鬥,於菊蟲,,,,固執,,,,200積分,3000金幣,,,戰利品,X,X
276,淨化,,,,,,,,,攻擊25,,,,加成,X,X
277,戰鬥,吸血姬,,,,冷漠,,,,生命4%,,,,加成,X,X
278,戰鬥,弈,,,,固執,,,,攻擊25,,,,加成,X,X
279,委派,,弈,鴉天狗,兔丸,,,,,200積分,3000金幣,,,戰利品,X,X
280,戰鬥,犬神,,,,冷漠,,,,100積分,,,,戰利品,X,X
281,捐獻,,,,,,,,,抵抗2%,,,,加成,O,O
285,戰鬥,覺,,,,技能,,,,100積分,,,,戰利品,O,X
286,戰鬥,弈,,,,固執,,,,大天狗的祝福,,,,祝福,O,O
287,委派,,以津真天,判官,三尾狐,,,風,雷,防禦8,,,,加成,X,X
288,戰鬥,鬼使黑,,,,技能,,,,200積分,3000金幣,,,戰利品,O,X
289,捐獻,,,,,,,,,抵抗2%,,,,加成,O,X
290,戰鬥,萬年竹,,,,冷漠,,,,生命90,,,,加成,O,X
291,戰鬥,櫻花妖,,,,期待,,,,解鎖追月神,,,,解鎖,O,O
292,戰鬥,白狼,,,,技能,,,,200積分,3000金幣,,,戰利品,O,X
293,戰鬥,姑獲鳥,,,,固執,,,,100積分,,,,戰利品,O,X
296,委派,,百目鬼,阿香,賣藥郎,,,水,雷,爆傷5%,,,,加成,X,X
297,戰鬥,吸血姬,,,,冷漠,,,,200積分,3000金幣,,,戰利品,X,X
298,淨化,,,,,,,,,抵抗2%,,,,加成,X,X
299,委派,,巫蠱師,古籠火,傀儡師,,,風,雷,攻擊5%,,,,加成,X,X
300,淨化,,,,,,,,,100積分,,,,戰利品,X,X
301,戰鬥,二口女,,,,無情,,,,抵抗2%,,,,加成,X,X
302,委派,,獨眼小僧,一反木綿,妖狐,,,風,水,100積分,,,,戰利品,X,X
303,戰鬥,小鹿男,,,,技能,,,,攻擊25,,,,加成,X,X
304,戰鬥,萬年竹,,,,怯懦,,,,傷害5%,,,,加成,X,X
305,戰鬥,姑獲鳥,,,,無情,,,,抵抗2%,,,,加成,X,X
306,委派,,煙煙羅,於菊蟲,骨女,,,水,雷,抵抗2%,,,,加成,X,X
307,戰鬥,跳跳弟弟,,,,怯懦,,,,攻擊25,,,,加成,X,X
308,戰鬥,夜叉,,,,無情,,,,200積分,3000金幣,,,戰利品,X,X
309,戰鬥,鐵鼠,,,,技能,,,,抵抗2%,,,,加成,X,X
310,委派,,入殮師,天井下,兔丸,,,火,雷,速度1,,,,加成,X,X
311,戰鬥,二口女,,,,無情,,,,生命4%,,,,加成,X,X
314,委派,,童女,小袖之手,賣藥郎,,,風,水,防禦8,,,,加成,O,X
315,戰鬥,鐵鼠,,,,技能,,,,100積分,,,,戰利品,O,X
316,戰鬥,夜叉,,,,無情,,,,解鎖大天狗,,,,解鎖,O,O
317,淨化,,,,,,,,,100積分,,,,戰利品,X,X
318,戰鬥,天邪鬼黃,,,,技能,,,,200積分,3000金幣,,,戰利品,O,X
319,委派,,瑩草,弈,阿香,,,風,水,抵抗2%,,,,加成,X,X
320,戰鬥,萬年竹,,,,怯懦,,,,攻擊5%,,,,加成,O,X
321,戰鬥,小鹿男,,,,技能,,,,生命90,,,,加成,O,O
322,委派,,小袖之手,匣中少女,人面樹,,,火,水,生命90,,,,加成,X,X
323,捐獻,,,,,,,,,500積分,20紫鱗,1白蛋,5000金幣,戰利品,O,X
325,戰鬥,鐵鼠,,,,技能,,,,100積分,,,,戰利品,X,X
326,戰鬥,夜叉,,,,無情,,,,生命90,,,,加成,X,X
327,委派,,賣藥郎,人面樹,覺,,,火,風,防禦8,,,,加成,X,X
328,戰鬥,天邪鬼黃,,,,技能,,,,抵抗2%,,,,加成,X,X
329,戰鬥,姑獲鳥,,,,無情,,,,100積分,,,,戰利品,X,X
330,委派,,兔丸,鯉魚精,跳跳妹妹,,,水,雷,攻擊25,,,,加成,X,X
331,戰鬥,雨女,,,,期待,,,,速度1,,,,加成,X,X
332,戰鬥,人面樹,,,,偽裝,,,,200積分,3000金幣,,,戰利品,X,X
333,戰鬥,跳跳哥哥,,,,孤單,,,,防禦8,,,,加成,X,X
334,委派,,蟲師,煙煙羅,賣藥郎,,,火,風,100積分,,,,戰利品,X,X
335,戰鬥,黑童子,,,,遲暮,,,,100積分,,,,戰利品,X,X
336,捐獻,,,,,,,,,100積分,,,,戰利品,X,X
337,戰鬥,數珠,,,,孤單,,,,生命90,,,,加成,X,X
338,委派,,兔丸,薰,萬年竹,,,風,雷,生命4%,,,,加成,X,X
339,戰鬥,入殮師,,,,偽裝,,,,100積分,,,,戰利品,X,X
340,戰鬥,黑童子,,,,孤單,,,,100積分,,,,戰利品,X,X
341,戰鬥,雨女,,,,期待,,,,抵抗2%,,,,加成,X,X
342,淨化,,,,,,,,,100積分,,,,戰利品,X,O
343,委派,,一反木綿,白狼,二口女,,,火,風,100積分,,,,戰利品,X,O
345,戰鬥,雨女,,,,期待,,,,100積分,,,,戰利品,O,X
346,戰鬥,黑童子,,,,孤單,,,,防禦8,,,,加成,O,O
347,委派,,薰,鬼使黑,賣藥郎,,,火,風,防禦8,,,,加成,O,X
348,戰鬥,入殮師,,,,遲暮,,,,100積分,,,,戰利品,O,X
349,戰鬥,數珠,,,,孤單,,,,100積分,,,,戰利品,O,X
350,委派,,金魚姬,人面樹,於菊蟲,,,火,雷,200積分,3000金幣,,,戰利品,X,X
351,捐獻,,,,,,,,,100積分,,,,戰利品,O,X
352,戰鬥,小鹿男,,,,技能,,,,100積分,,,,戰利品,O,O
353,戰鬥,跳跳哥哥,,,,孤單,,,,100積分,,,,戰利品,O,X
355,淨化,,,,,,,,,200積分,3000金幣,,,戰利品,X,X
356,委派,,椒圖,二口女,煙煙羅,,,風,水,防禦8,,,,加成,X,X
357,戰鬥,入殮師,,,,偽裝,,,,200積分,3000金幣,,,戰利品,X,X
358,捐獻,,,,,,,,,生命90,,,,加成,X,X
359,戰鬥,數珠,,,,孤單,,,,500積分,20紫鱗,1白蛋,5000金幣,戰利品,X,X
360,戰鬥,覺,,,,技能,,,,攻擊5%,,,,加成,X,X
361,捐獻,,,,,,,,,1000積分,100勾玉,25金鱗,1藍蛋,戰利品,X,X
362,委派,,小松丸,於菊蟲,青坊主,,,,,100積分,,,,戰利品,X,X
363,戰鬥,白狼,,,,技能,,,,100積分,,,,戰利品,X,X
366,委派,,童男,山童,賣藥郎,,,風,水,100積分,,,,戰利品,X,X
367,戰鬥,鬼使黑,,,,技能,,,,抵抗2%,,,,加成,X,X
368,戰鬥,吸血姬,,,,冷漠,,,,100積分,,,,戰利品,X,X
369,捐獻,,,,,,,,,100積分,,,,戰利品,O,O
370,戰鬥,覺,,,,技能,,,,100積分,,,,戰利品,X,X
371,委派,,瑩草,首無,巫蠱師,,,水,雷,100積分,心神值,,,戰利品,O,O
372,戰鬥,姑獲鳥,,,,固執,,,,防禦8,,,,加成,O,X
373,捐獻,,,,,,,,,1000積分,100勾玉,25金鱗,1藍蛋,戰利品,O,O
374,戰鬥,姑獲鳥,,,,固執,,,,速度1,,,,加成,O,O
375,戰鬥,犬神,,,,冷漠,,,,200積分,3000金幣,,,戰利品,O,O
376,淨化,,,,,,,,,100積分,,,,戰利品,O,X
377,戰鬥,弈,,,,固執,,,,生命4%,,,,加成,O,X
378,委派,,巫蠱師,小袖之手,首無,,,火,雷,攻擊25,,,,加成,O,X
379,戰鬥,鬼使黑,,,,技能,,,,100積分,,,,戰利品,O,X
380,戰鬥,於菊蟲,,,,固執,,,,100積分,,,,戰利品,O,X
381,委派,,天井下,椒圖,覺,,,風,水,100積分,,,,戰利品,X,X
382,戰鬥,櫻花妖,,,,期待,,,,100積分,,,,戰利品,O,O
383,戰鬥,白狼,,,,技能,,,,攻擊5%,,,,加成,O,O
384,委派,,青坊主,覺,蟲師,,,風,水,速度1,,,,加成,X,X
385,捐獻,,,,,,,,,100積分,,,,戰利品,X,X
386,戰鬥,覺,,,,技能,,,,100積分,,,,戰利品,X,X
387,戰鬥,弈,,,,固執,,,,100積分,,,,戰利品,X,X
388,淨化,,,,,,,,,100積分,,,,戰利品,X,X
389,委派,,餓鬼,妖狐,賣藥郎,,,火,風,100積分,,,,戰利品,X,X
390,委派,,首無,三尾狐,以津真天,,,火,風,100積分,,,,戰利品,X,X
391,戰鬥,鐵鼠,,,,技能,,,,100積分,,,,戰利品,X,X
392,淨化,,,,,,,,,生命90,,,,加成,X,X
393,戰鬥,二口女,,,,無情,,,,攻擊25,,,,加成,X,X
394,戰鬥,巫蠱師,,,,技能,,,,100積分,,,,戰利品,X,X
395,委派,,河童,覺,三尾狐,,,火,風,200積分,3000金幣,,,戰利品,X,X
396,戰鬥,萬年竹,,,,怯懦,,,,生命4%,,,,加成,X,X
397,戰鬥,姑獲鳥,,,,無情,,,,攻擊25,,,,加成,X,X
398,戰鬥,天邪鬼黃,,,,技能,,,,100積分,,,,戰利品,O,X
399,戰鬥,巫女•遙,,,,無眠,哀慟,,,巫女之魂,,,,巫女之魂,O,O
400,委派,,骨女,山童,管狐,,,水,雷,200積分,3000金幣,,,戰利品,X,X
401,戰鬥,鐵鼠,,,,技能,,,,100積分,,,,戰利品,O,O
402,戰鬥,河童,,,,怯懦,,,,200積分,3000金幣,,,戰利品,O,O
405,委派,,童男,金魚姬,青坊主,,,風,水,解鎖稻荷神御饌津,,,,解鎖,O,O
406,戰鬥,河童,,,,怯懦,,,,防禦8,,,,加成,O,X
407,戰鬥,鐵鼠,,,,技能,,,,100積分,,,,戰利品,O,O
408,捐獻,,,,,,,,,荒的祝福,,,,祝福,O,O
409,戰鬥,跳跳弟弟,,,,怯懦,,,,100積分,,,,戰利品,O,X
410,委派,,跳跳哥哥,賣藥郎,一反木綿,,,火,雷,攻擊25,,,,加成,X,X
411,戰鬥,姑獲鳥,,,,無情,,,,100積分,,,,戰利品,O,O
412,戰鬥,萬年竹,,,,怯懦,,,,100積分,,,,戰利品,O,O
414,戰鬥,巫蠱師,,,,技能,,,,抵抗2%,,,,加成,O,O
415,淨化,,,,,,,,,攻擊25,,,,加成,X,X
416,委派,,於菊蟲,傀儡師,九命貓,,,火,水,100積分,,,,戰利品,X,X
417,戰鬥,鐵鼠,,,,技能,,,,100積分,,,,戰利品,X,X
418,委派,,武士之靈,巫蠱師,海坊主,,,火,雷,1000積分,100勾玉,25金鱗,1藍蛋,戰利品,X,X
419,戰鬥,跳跳弟弟,,,,怯懦,,,,攻擊25,,,,加成,X,X
420,戰鬥,弈,,,,固執,,,,500積分,20紫鱗,1白蛋,5000金幣,戰利品,X,X
421,委派,,桃花妖,河童,孟婆,,,水,雷,100積分,,,,戰利品,X,X
422,戰鬥,犬神,,,,冷漠,,,,攻擊25,,,,加成,X,X
423,戰鬥,姑獲鳥,,,,固執,,,,100積分,,,,戰利品,X,X
424,戰鬥,白狼,,,,技能,,,,防禦8,,,,加成,X,X
425,戰鬥,櫻花妖,,,,期待,,,,生命90,,,,加成,X,X
426,委派,,白童子,金魚姬,巫蠱師,,,風,水,防禦8,,,,加成,X,X
427,淨化,,,,,,,,,100積分,,,,戰利品,X,X
428,戰鬥,鬼使黑,,,,技能,,,,防禦8,,,,加成,X,X
429,戰鬥,吸血姬,,,,冷漠,,,,200積分,3000金幣,,,戰利品,O,O
430,戰鬥,弈,,,,固執,,,,200積分,3000金幣,,,戰利品,O,O
431,委派,,姑獲鳥,跳跳哥哥,九命貓,,,火,雷,攻擊5%,,,,加成,X,X
434,淨化,,,,,,,,,500積分,20紫鱗,1白蛋,5000金幣,戰利品,O,O
435,戰鬥,姑獲鳥,,,,固執,,,,生命90,,,,加成,O,O
436,起始點,,,,,,,,,,,,,無,O,O
437,戰鬥,覺,,,,技能,,,,暴擊2%,,,,加成,O,O
438,戰鬥,弈,,,,固執,,,,效果抵抗2%,,,,加成,O,O
439,戰鬥,吸血姬,,,,冷漠,,,,200積分,3000金幣,,,戰利品,O,O
440,戰鬥,鬼使黑,,,,技能,,,,解鎖書翁,,,,解鎖,O,O
441,淨化,,,,,,,,,生命90,,,,加成,X,X
443,戰鬥,櫻花妖,,,,期待,,,,500積分,20紫鱗,1白蛋,5000金幣,戰利品,O,O
444,委派,,跳跳弟弟,童女,白童子,,,水,雷,100積分,,,,戰利品,X,X
445,戰鬥,姑獲鳥,,,,固執,,,,100積分,,,,戰利品,O,X
446,戰鬥,犬神,,,,冷漠,,,,防禦8,,,,加成,O,X
447,戰鬥,覺,,,,技能,,,,100積分,,,,戰利品,X,X
448,戰鬥,弈,,,,固執,,,,200積分,3000金幣,,,戰利品,X,X
449,委派,,妖狐,鴉天狗,以津真天,,,水,雷,100積分,,,,戰利品,X,X
450,捐獻,,,,,,,,,200積分,3000金幣,,,戰利品,X,X
451,戰鬥,入殮師,,,,偽裝,,,,200積分,3000金幣,,,戰利品,X,X
452,戰鬥,黑童子,,,,孤單,,,,100積分,,,,戰利品,X,X
453,委派,,姑獲鳥,管狐,古籠火,,,火,風,爆傷5%,,,,加成,X,X
454,捐獻,,,,,,,,,防禦8,,,,加成,X,X
458,委派,,妖琴師,百目鬼,賣藥郎,,,火,水,100積分,,,,戰利品,X,X
459,戰鬥,數珠,,,,孤單,,,,100積分,,,,戰利品,O,O
460,戰鬥,入殮師,,,,遲暮,,,,200積分,3000金幣,,,戰利品,X,X
461,戰鬥,入殮師,,,,偽裝,,,,200積分,3000金幣,,,戰利品,X,X
462,戰鬥,黑童子,,,,孤單,,,,100積分,,,,戰利品,X,X
463,戰鬥,雨女,,,,期待,,,,傷害5%,,,,加成,O,X
464,委派,,餓鬼,三尾狐,蝴蝶精,,,火,風,100積分,,,,戰利品,O,X
465,戰鬥,跳跳哥哥,,,,孤單,,,,100積分,,,,戰利品,O,X
466,委派,,夜叉,武士之靈,萬年竹,,,水,雷,效果抵抗2%,,,,加成,O,X
467,戰鬥,雨女,,,,期待,,,,速度1,,,,加成,O,O
468,淨化,,,,,,,,,200積分,3000金幣,,,戰利品,O,X
469,委派,,雪女,薰,白狼,,,火,風,200積分,3000金幣,,,戰利品,O,X
470,戰鬥,入殮師,,,,遲暮,,,,生命90,,,,加成,O,X
471,戰鬥,數珠,,,,孤單,,,,暴擊2%,,,,加成,O,X
472,委派,,九命貓,狸貓,絡新婦,,,水,雷,200積分,3000金幣,,,戰利品,X,X
474,戰鬥,小鹿男,,,,技能,,,,200積分,3000金幣,,,戰利品,O,O
475,戰鬥,跳跳哥哥,,,,孤單,,,,100積分,,,,戰利品,O,O
476,捐獻,,,,,,,,,荒川之主的祝福,,,,祝福,O,O
477,委派,,管狐,河童,跳跳哥哥,,,火,風,100積分,,,,戰利品,X,X
478,淨化,,,,,,,,,生命4%,,,,加成,X,X
479,戰鬥,入殮師,,,,偽裝,,,,攻擊5%,,,,加成,X,X
480,委派,,化鯨,於菊蟲,古籠火,,,火,風,速度1,,,,加成,X,X
481,淨化,,,,,,,,,生命4%,,,,加成,X,X
482,戰鬥,鐵鼠,,,,技能,,,,100積分,,,,戰利品,X,X
483,戰鬥,河童,,,,怯懦,,,,100積分,,,,戰利品,X,X
484,委派,,桃花喲,白童子,巫蠱師,,,水,雷,200積分,3000金幣,,,戰利品,X,X
488,戰鬥,姑獲鳥,,,,無情,,,,攻擊5%,,,,加成,X,X
489,戰鬥,天邪鬼黃,,,,技能,,,,100積分,,,,戰利品,O,O
490,淨化,,,,,,,,,100積分,,,,戰利品,X,X
491,戰鬥,夜叉,,,,無情,,,,抵抗2%,,,,加成,X,X
492,戰鬥,鐵鼠,,,,技能,,,,幻境據點,,,,幻境據點,O,X
493,戰鬥,河童,,,,怯懦,,,,200積分,3000金幣,,,戰利品,O,X
494,戰鬥,二口女,,,,無情,,,,速度1,,,,加成,O,X
495,戰鬥,巫蠱師,,,,技能,,,,200積分,3000金幣,,,戰利品,O,O
496,委派,,三尾狐,蟲師,判官,,,風,雷,200積分,3000金幣,,,戰利品,O,X
497,捐獻,,,,,,,,,100積分,,,,戰利品,O,X
498,戰鬥,鐵鼠,,,,技能,,,,防禦8,,,,加成,O,X
499,戰鬥,夜叉,,,,無情,,,,100積分,,,,戰利品,O,X
500,委派,,匣中少女,兔丸,賣藥郎,,,風,雷,200積分,3000金幣,,,戰利品,X,X
501,戰鬥,天邪鬼黃,,,,技能,,,,100積分,,,,戰利品,O,X
502,戰鬥,姑獲鳥,,,,無情,,,,生命90,,,,加成,O,X
504,委派,,二口女,惠比壽,賣藥郎,,,水,雷,生命90,,,,加成,X,X
505,戰鬥,巫蠱師,,,,技能,,,,100積分,,,,戰利品,O,O
506,戰鬥,二口女,,,,技能,,,,100積分,,,,戰利品,O,X
507,戰鬥,河童,,,,怯懦,,,,100積分,,,,戰利品,X,X
508,委派,,海坊主,萬年竹,賣藥郎,,,風,雷,抵抗2%,,,,加成,X,X
509,戰鬥,夜叉,,,,無情,,,,生命90,,,,加成,X,X
510,戰鬥,鬼使黑,,,,技能,,,,200積分,3000金幣,,,戰利品,X,X
511,戰鬥,吸血姬,,,,冷漠,,,,生命4%,,,,加成,X,X
512,委派,,河童,獨眼小僧,人面樹,,,水,雷,200積分,3000金幣,,,戰利品,X,X
513,戰鬥,覺,,,,技能,,,,100積分,,,,戰利品,X,X
514,戰鬥,犬神,,,,冷漠,,,,200積分,3000金幣,,,戰利品,X,X
515,戰鬥,姑獲鳥,,,,固執,,,,攻擊5%,,,,加成,X,X
516,委派,,覺,姑獲鳥,跳跳弟弟,,,火,風,速度1,,,,加成,X,X
519,捐獻,,,,,,,,,暴擊2%,,,,加成,O,O
520,戰鬥,鬼使黑,,,,技能,,,,生命90,,,,加成,O,O
521,委派,,白狼,管狐,九命貓,,,,,100積分,,,,戰利品,X,X
522,戰鬥,弈,,,,固執,,,,100積分,,,,戰利品,X,X
523,戰鬥,覺,,,,技能,,,,100積分,,,,戰利品,X,X
524,捐獻,,,,,,,,,抵抗2%,,,,加成,O,X
525,戰鬥,姑獲鳥,,,,固執,,,,防禦8,,,,加成,O,X
526,戰鬥,白狼,,,,無我,,,,防禦8,,,,加成,O,O
527,淨化,,,,,,,,,解鎖丑時之女,,,,解鎖,O,O
528,委派,,武士之靈,妖琴師,餓鬼,,,風,水,生命90,,,,加成,X,X
529,戰鬥,覺,,,,技能,,,,200積分,3000金幣,,,戰利品,O,X
530,戰鬥,弈,,,,固執,,,,500積分,20紫鱗,1白蛋,5000金幣,戰利品,O,X
531,戰鬥,吸血姬,,,,冷漠,,,,100積分,,,,戰利品,O,X
532,戰鬥,鬼使黑,,,,技能,,,,幻境據點,,,,幻境據點,O,X
534,戰鬥,萬年竹,,,,冷漠,,,,生命4%,,,,加成,X,X
535,戰鬥,櫻花妖,,,,期待,,,,100積分,,,,戰利品,O,O
536,淨化,,,,,,,,,防禦8,,,,加成,X,X
537,委派,,古籠火,妖琴師,貍貓,,,風,水,生命90,,,,加成,X,X
538,戰鬥,犬神,,,,冷漠,,,,200積分,3000金幣,,,戰利品,X,X
539,捐獻,,,,,,,,,200積分,3000金幣,,,戰利品,X,X
540,淨化,,,,,,,,,生命90,,,,加成,X,X
541,捐獻,,,,,,,,,攻擊25,,,,加成,X,X
542,戰鬥,入殮師,,,,偽裝,,,,防禦8,,,,加成,X,X
543,委派,,夜叉,獨眼小僧,骨女,,,,,100積分,,,,戰利品,X,X
544,戰鬥,雨女,,,,期待,,,,防禦8,,,,加成,X,X
545,捐獻,,,,,,,,,200積分,3000金幣,,,戰利品,O,X
546,戰鬥,跳跳哥哥,,,,孤單,,,,200積分,3000金幣,,,戰利品,X,X
547,委派,,童女,孟婆,河童,,,水,雷,200積分,3000金幣,,,戰利品,X,X
548,戰鬥,黑童子,,,,遲暮,,,,200積分,3000金幣,,,戰利品,X,X
549,戰鬥,兵俑,,,,偽裝,,,,抵抗2%,,,,加成,O,O
550,戰鬥,數珠,,,,孤單,,,,抵抗2%,心神值,,,加成,X,X
551,淨化,,,,,,,,,100積分,,,,戰利品,X,X
552,戰鬥,入殮師,,,,偽裝,,,,攻擊5%,,,,加成,X,X
553,戰鬥,黑童子,,,,孤單,,,,解鎖赤影妖刀姬,,,,解鎖,O,O
554,委派,,鬼使白,桃花妖,阿香,,,火,風,100積分,,,,戰利品,X,O
555,戰鬥,人面樹,,,,偽裝,,,,防禦8,,,,加成,O,X
556,戰鬥,跳跳哥哥,,,,孤單,,,,100積分,,,,戰利品,O,O
557,戰鬥,人面樹,,,,偽裝,,,,抵抗2%,,,,加成,O,X
558,戰鬥,雨女,,,,期待,,,,100積分,,,,戰利品,O,X
559,委派,,一反木綿,鬼使白,白狼,,,火,水,200積分,3000金幣,,,戰利品,X,X
560,戰鬥,入殮師,,,,偽裝,,,,100積分,,,,戰利品,O,X
562,捐獻,,,,,,,,,100積分,,,,戰利品,O,X
563,戰鬥,兵俑,,,,偽裝,,,,抵抗2%,,,,加成,O,X
564,戰鬥,黑童子,,,,遲暮,,,,100積分,,,,戰利品,O,O
565,委派,,骨女,瑩草,九命貓,,,火,風,100積分,,,,戰利品,X,X
566,戰鬥,跳跳哥哥,,,,孤單,,,,100積分,,,,戰利品,X,X
567,戰鬥,人面樹,,,,偽裝,,,,爆擊2%,,,,加成,X,X
568,戰鬥,雨女,,,,期待,,,,速度1,,,,加成,X,X
569,戰鬥,黑童子,,,,孤單,,,,100積分,,,,戰利品,X,X
571,戰鬥,天邪鬼黃,,,,技能,,,,100積分,,,,戰利品,X,X
572,委派,,鯉魚精,青坊主,武士之靈,,,火,風,1000積分,100勾玉,25金鱗,1藍蛋,戰利品,X,X
573,戰鬥,夜叉,,,,無情,,,,100積分,,,,戰利品,X,X
574,戰鬥,鐵鼠,,,,技能,,,,防禦8,,,,加成,X,X
575,戰鬥,河童,,,,怯懦,,,,200積分,3000金幣,,,戰利品,O,O
576,戰鬥,二口女,,,,無情,,,,抵抗2%,,,,加成,O,O
577,戰鬥,巫蠱師,,,,技能,,,,生命90,,,,加成,O,O
578,戰鬥,小鹿男,,,,技能,,,,爆傷5%,,,,加成,X,X
579,戰鬥,萬年竹,,,,怯懦,,,,100積分,,,,戰利品,O,O
580,委派,,人面樹,首無,餓鬼,,,火,雷,100積分,,,,戰利品,X,X
581,戰鬥,天邪鬼黃,,,,技能,,,,100積分,,,,戰利品,X,X
582,戰鬥,跳跳弟弟,,,,怯懦,,,,防禦8,,,,加成,X,X
585,戰鬥,河童,,,,怯懦,,,,生命4%,,,,加成,X,O
586,委派,,九命貓,二口女,於菊蟲,,,火,風,攻擊25,,,,加成,X,O
587,戰鬥,巫蠱師,,,,技能,,,,抵抗2%,,,,加成,O,O
588,戰鬥,二口女,,,,無情,,,,爆擊2%,,,,加成,O,O
589,戰鬥,河童,,,,怯懦,,,,100積分,,,,戰利品,O,O
590,戰鬥,鐵鼠,,,,技能,,,,防禦8,,,,加成,O,O
592,委派,,小袖之手,跳跳哥哥,椒圖,,,風,水,200積分,3000金幣,,,戰利品,X,X
593,戰鬥,天邪鬼黃,,,,技能,,,,攻擊25,,,,加成,O,X
594,戰鬥,姑獲鳥,,,,無情,,,,200積分,3000金幣,,,戰利品,O,O
595,戰鬥,萬年竹,,,,怯懦,,,,100積分,,,,戰利品,O,X
596,捐獻,,,,,,,,,200積分,3000金幣,,,戰利品,O,X
597,淨化,,,,,,,,,生命90,,,,加成,X,X
598,委派,,白狼,鬼女紅葉,骨女,,,火,風,攻擊5%,,,,加成,X,X
599,戰鬥,河童,,,,怯懦,,,,抵抗2%,,,,加成,X,X
601,戰鬥,鬼使黑,,,,技能,,,,攻擊25,,,,加成,X,X
602,淨化,,,,,,,,,生命90,,,,加成,X,X
603,戰鬥,弈,,,,固執,,,,100積分,,,,戰利品,X,X
604,戰鬥,巫女•槿,,,,無情,哀慟,,,巫女之魂,,,,巫女之魂,O,O
605,戰鬥,犬神,,,,冷漠,,,,抵抗2%,,,,加成,X,X
606,委派,,二口女,骨女,入殮師,,,火,風,100積分,,,,戰利品,O,X
607,戰鬥,白狼,,,,技能,,,,100積分,,,,戰利品,O,O
608,戰鬥,櫻花妖,,,,期待,,,,防禦8,,,,加成,O,O
609,戰鬥,萬年竹,,,,冷漠,,,,幻境據點,,,,幻境據點,X,X
610,捐獻,,,,,,,,,爆擊2%,,,,加成,X,X
611,戰鬥,鬼使黑,,,,技能,,,,100積分,,,,戰利品,X,X
612,委派,,妖琴師,化鯨,童女,,,火,風,100積分,,,,戰利品,X,X
613,戰鬥,弈,,,,固執,,,,攻擊25,,,,加成,X,X
614,戰鬥,覺,,,,技能,,,,100積分,,,,戰利品,X,X
615,戰鬥,犬神,,,,冷漠,,,,100積分,,,,戰利品,X,X
616,戰鬥,姑獲鳥,,,,固執,,,,解鎖蒼風一目連,,,,解鎖,O,O
617,戰鬥,白狼,,,,技能,,,,100積分,,,,戰利品,O,X
618,淨化,,,,,,,,,100積分,,,,戰利品,O,X
619,委派,,小松丸,入殮師,椒圖,,,火,水,100積分,,,,戰利品,X,X
620,戰鬥,覺,,,,技能,,,,100積分,心神值,,,戰利品,O,O
621,戰鬥,弈,,,,固執,,,,速度1,,,,加成,O,X
623,戰鬥,鬼使黑,,,,技能,,,,生命90,,,,加成,O,X
624,戰鬥,於菊蟲,,,,固執,,,,100積分,,,,戰利品,O,O
625,戰鬥,萬年竹,,,,冷漠,,,,100積分,,,,戰利品,X,X
626,委派,,古籠火,以津真天,跳跳妹妹,,,火,風,攻擊25,,,,加成,X,X
627,戰鬥,白狼,,,,技能,,,,生命90,,,,加成,X,X
628,戰鬥,姑獲鳥,,,,固執,,,,生命90,,,,加成,X,X
632,戰鬥,數珠,,,,孤單,,,,500積分,20紫鱗,1白蛋,5000金幣,戰利品,X,X
633,戰鬥,跳跳弟弟,,,,怯懦,,,,抵抗2%,,,,加成,X,X
634,委派,,白童子,阿香,鬼使黑,,,火,雷,100積分,,,,戰利品,X,X
635,戰鬥,黑童子,,,,孤單,,,,生命90,,,,加成,X,X
636,淨化,,,,,,,,,攻擊25,,,,加成,X,X
637,戰鬥,人面樹,,,,偽裝,,,,100積分,,,,戰利品,X,X
638,戰鬥,跳跳哥哥,,,,孤單,,,,100積分,,,,戰利品,X,X
639,委派,,跳跳妹妹,姑獲鳥,賣藥郎,,,水,雷,攻擊25,,,,加成,X,X
640,戰鬥,黑童子,,,,遲暮,,,,100積分,,,,戰利品,X,X
641,戰鬥,兵俑,,,,偽裝,,,,生命90,,,,加成,X,X
642,戰鬥,數珠,,,,孤單,,,,防禦8,,,,加成,X,X
643,戰鬥,入殮師,,,,遲暮,,,,100積分,,,,戰利品,X,X
644,戰鬥,入殮師,,,,偽裝,,,,爆擊2%,,,,加成,X,X
645,委派,,青坊主,海坊主,管狐,,,火,水,生命4%,,,,加成,X,X
646,捐獻,,,,,,,,,抵抗2%,,,,加成,O,X
651,捐獻,,,,,,,,,抵抗2%,,,,加成,O,O
654,戰鬥,巫女•冬花,,,,期待,哀慟,,,巫女之魂,,,,巫女之魂,O,O
655,戰鬥,兵俑,,,,偽裝,,,,200積分,3000金幣,,,戰利品,O,X
656,戰鬥,黑童子,,,,遲暮,,,,100積分,,,,戰利品,X,X
657,淨化,,,,,,,,,1000積分,100勾玉,25金鱗,1藍蛋,戰利品,X,X
658,戰鬥,跳跳哥哥,,,,孤單,,,,200積分,3000金幣,,,戰利品,X,X
662,戰鬥,天邪鬼黃,,,,技能,,,,500積分,20紫鱗,1白蛋,5000金幣,戰利品,X,X
663,戰鬥,跳跳弟弟,,,,怯懦,,,,抵抗2%,,,,加成,X,X
664,戰鬥,夜叉,,,,無情,,,,生命90,,,,加成,X,X
665,委派,,絡新婦,蝴蝶精,傀儡師,,,水,雷,攻擊5%,,,,加成,X,X
666,捐獻,,,,,,,,,速度1,,,,加成,X,X
667,戰鬥,二口女,,,,無情,,,,100積分,,,,戰利品,X,X
668,戰鬥,巫蠱師,,,,技能,,,,生命90,,,,加成,X,X
669,淨化,,,,,,,,,100積分,,,,戰利品,X,X
670,戰鬥,萬年竹,,,,怯懦,,,,攻擊25,,,,加成,X,X
671,戰鬥,姑獲鳥,,,,無情,,,,1000積分,100勾玉,25金鱗,1藍蛋,戰利品,X,X
672,戰鬥,天邪鬼黃,,,,技能,,,,100積分,,,,戰利品,X,X
677,戰鬥,二口女,,,,無情,,,,500積分,20紫鱗,1白蛋,5000金幣,戰利品,X,X
678,委派,,貓掌櫃,入殮師,首無,,,火,水,生命90,,,,加成,X,X
679,戰鬥,二口女,,,,無情,,,,輝夜姬的祝福,,,,祝福,O,O
680,委派,,鬼使黑,餓鬼,跳跳哥哥,,,水,風,100積分,,,,戰利品,O,X
681,淨化,,,,,,,,,100積分,,,,戰利品,X,X
683,戰鬥,跳跳弟弟,,,,怯懦,,,,200積分,3000金幣,,,戰利品,O,X
684,戰鬥,天邪鬼黃,,,,技能,,,,生命90,,,,加成,O,X
685,委派,,匣中少女,判官,河童,,,火,雷,200積分,3000金幣,,,戰利品,X,X
686,戰鬥,萬年竹,,,,怯懦,,,,100積分,,,,戰利品,X,X
695,戰鬥,弈,,,,固執,,,,生命90,,,,加成,X,X
696,戰鬥,覺,,,,技能,,,,100積分,,,,戰利品,X,X
697,委派,,妖狐,白狼,兔丸,,,火,雷,200積分,3000金幣,,,戰利品,X,X
698,戰鬥,姑獲鳥,,,,固執,,,,防禦8,,,,加成,X,X
699,戰鬥,白狼,,,,技能,,,,爆擊2%,,,,加成,X,X
700,戰鬥,櫻花妖,,,,期待,,,,100積分,,,,戰利品,X,X
701,委派,,蝴蝶精,童男,白童子,,,風,水,生命90,,,,加成,X,X
702,淨化,,,,,,,,,100積分,,,,戰利品,X,X
705,戰鬥,弈,,,,固執,,,,200積分,3000金幣,,,戰利品,X,X
706,戰鬥,覺,,,,技能,,,,抵抗2%,,,,加成,X,X
707,委派,,鯉魚精,孟婆,阿香,,,火,水,生命90,,,,加成,X,X
708,淨化,,,,,,,,,生命90,,,,加成,X,X
709,戰鬥,白狼,,,,技能,,,,100積分,,,,戰利品,X,X
710,戰鬥,姑獲鳥,,,,固執,,,,防禦8,,,,加成,X,X
711,戰鬥,犬神,,,,冷漠,,,,200積分,3000金幣,,,戰利品,X,X
712,委派,,萬年竹,鬼使黑,白童子,,,水,雷,防禦8,,,,加成,X,X
713,捐獻,,,,,,,,,攻擊25,,,,加成,O,X
714,戰鬥,吸血姬,,,,冷漠,,,,攻擊25,,,,加成,O,X
715,戰鬥,鬼使黑,,,,技能,,,,500積分,20紫鱗,1白蛋,5000金幣,戰利品,X,X
725,戰鬥,入殮師,,,,偽裝,,,,100積分,,,,戰利品,X,X
726,戰鬥,黑童子,,,,孤單,,,,抵抗2%,,,,加成,X,X
727,淨化,,,,,,,,,1000積分,100勾玉,25金鱗,1藍蛋,戰利品,X,X
728,戰鬥,人面樹,,,,偽裝,,,,生命4%,,,,加成,X,X
729,委派,,管狐,化鯨,古籠火,,,風,雷,攻擊5%,,,,加成,X,X
730,戰鬥,小鹿男,,,,技能,,,,防禦8,,,,加成,X,X
731,捐獻,,,,,,,,,防禦8,,,,加成,X,X
734,委派,,椒圖,小松丸,骨女,,,火,水,100積分,,,,戰利品,X,X
735,戰鬥,入殮師,,,,偽裝,,,,傷害5%,,,,加成,X,X
736,戰鬥,黑童子,,,,孤單,,,,攻擊25,,,,加成,X,X
737,戰鬥,雨女,,,,期待,,,,100積分,,,,戰利品,X,X
738,戰鬥,人面樹,,,,偽裝,,,,100積分,,,,戰利品,X,X
739,委派,,山童,匣中少女,覺,,,火,水,100積分,,,,戰利品,X,X
740,戰鬥,人面樹,,,,偽裝,,,,200積分,3000金幣,,,戰利品,X,X
741,戰鬥,雨女,,,,期待,,,,抵抗2%,,,,加成,X,X
742,淨化,,,,,,,,,100積分,,,,戰利品,X,X
743,戰鬥,入殮師,,,,偽裝,,,,100積分,,,,戰利品,X,X
744,戰鬥,入殮師,,,,遲暮,,,,防禦8,,,,加成,X,X
757,戰鬥,鐵鼠,,,,技能,,,,100積分,,,,戰利品,X,X
758,捐獻,,,,,,,,,抵抗2%,,,,加成,X,X
759,戰鬥,二口女,,,,無情,,,,防禦8,,,,加成,X,X
760,戰鬥,巫蠱師,,,,技能,,,,抵抗2%,,,,加成,X,X
761,委派,,入殮師,椒圖,賣藥郎,,,火,水,防禦8,,,,加成,X,X
763,戰鬥,姑獲鳥,,,,無情,,,,500積分,20紫鱗,1白蛋,5000金幣,戰利品,X,X
764,戰鬥,天邪鬼黃,,,,技能,,,,攻擊25,,,,加成,X,X
765,淨化,,,,,,,,,抵抗2%,,,,加成,X,X
766,戰鬥,夜叉,,,,無情,,,,100積分,,,,戰利品,X,X
767,捐獻,,,,,,,,,攻擊25,,,,加成,X,X
768,戰鬥,河童,,,,怯懦,,,,抵抗2%,,,,加成,X,X
769,戰鬥,二口女,,,,無情,,,,1000積分,100勾玉,25金鱗,1藍蛋,戰利品,X,X
770,淨化,,,,,,,,,防禦8,,,,加成,X,X
771,捐獻,,,,,,,,,200積分,3000金幣,,,戰利品,X,X
772,戰鬥,河童,,,,怯懦,,,,速度1,,,,加成,X,X
773,委派,,阿香,貓掌櫃,賣藥郎,,,水,雷,生命4%,,,,加成,X,X
